KOL,WALLET
Mitch,4Be9CvxqHW6BYiRAxW9Q3xu1ycTMWaL5z8NX4HR3ha7t
Cented,CyaE1VxvBrahnPWkqm5VsdCvyS2QmNht2UFrKJHga54o
Jijo,4BdKaxN8G6ka4GYtQQWk4G4dZRUTX2vQH9GcXdBREFUk
Daumen,8MaVa9kdt3NW4Q5HyNAm1X5LbR8PQRVDc1W8NMVK88D5
cryptovillain26,5sNnKuWKUtZkdC1eFNyqz3XHpNoCRQ1D1DfHcNHMV7gn
TIL,EHg5YkU2SZBTvuT87rUsvxArGp3HLeye1fXaSDfuMyaf
Hesi,FpD6n8gfoZNxyAN6QqNH4TFQdV9vZEgcv5W4H2YL8k4X
Tuults,5T229oePmJGE5Cefys8jE9Jq8C7qfGNNWy3RVA7SmwEP
^1s1mple,AeLaMjzxErZt4drbWVWvcxpVyo8p94xu5vrg41eZPFe3
iconXBT,2FbbtmK9MN3Zxkz3AnqoAGnRQNy2SVRaAazq2sFSbftM
rayan,BNahnx13rLru9zxuWNGBD7vVv1pGQXB11Q7qeTyupdWf
Dragon,9ha3rJRznYVzNkoJ5xyov3ZBjthrC8e8WNdjn48FQyDd
Marcell,ATFRUwvyMh61w2Ab6AZxUyxsAfiiuG1RqL6iv3Vi9q2B
Keano,Ez2jp3rwXUbaTx7XwiHGaWVgTPFdzJoSg8TopqbxfaJN
clukz,G6fUXjMKPJzCY1rveAE6Qm7wy5U3vZgKDJmN1VPAdiZC
The Doc,DYAn4XpAkN5mhiXkRB7dGq4Jadnx6XYgu8L5b3WGhbrt
Coasty,CATk62cYqDFXTh3rsRbS1ibCyzBeovc2KXpXEaxEg3nB
tech,5d3jQcuUvsuHyZkhdp78FFqc7WogrzZpTtec1X9VNkuE
Ataberk,6hcX7fVMzeRpW3d7XhFsxYw2CuePfgSMmouZxSiNLj1U
Loopierr,9yYya3F5EJoLnBNKW6z4bZvyQytMXzDcpU5D6yYr4jqL
Insentos,7SDs3PjT2mswKQ7Zo4FTucn9gJdtuW4jaacPA65BseHS
Kev,BTf4A2exGK9BCVDNzy65b9dUzXgMqB4weVkvTMFQsadd
bandit,5B79fMkcFeRTiwm7ehsZsFiKsC7m7n1Bgv9yLxPp9q2X
Gake,DNfuF1L62WWyW3pNakVkyGGFzVVhj4Yr52jSmdTyeBHm
Cupsey,2fg5QD1eD7rzNNCsvnhmXFm5hqNgwTTG8p7kQ6f3rx6f
Inside Calls,4NtyFqqRzvHWsTmJZoT26H9xtL7asWGTxpcpCxiKax9a
Orange,2X4H5Y9C4Fy6Pf3wpq8Q4gMvLcWvfrrwDv2bdR8AAwQv
Giann,GNrmKZCxYyNiSUsjduwwPJzhed3LATjciiKVuSGrsHEC
Brox,7VBTpiiEjkwRbRGHJFUz6o5fWuhPFtAmy8JGhNqwHNnn
blixze ‚ô±,5vg7he5HibvsAW86wfiuP6jw7VwKmUAnP6P93mVCdpJu
Nyhrox,6S8GezkxYUfZy9JPtYnanbcZTMB87Wjt1qx3c6ELajKC
orangie,DuQabFqdC9eeBULVa7TTdZYxe8vK8ct5DZr4Xcf7docy
Fizzwick Bramblewhistle,3pcmVZ1DwKbqnjbGbeg3FycThT1AkTpGQYB96jGU6oS1
JADAWGS,3H9LVHarjBoZ2YPEsgFbVD1zuERCGwfp4AeyHoHsFSEC
gr3g,J23qr98GjGJJqKq9CBEnyRhHbmkaVxtTJNNxKu597wsA
Spuno,GfXQesPe3Zuwg8JhAt6Cg8euJDTVx751enp9EQQmhzPH
profitier,FbvUU5qvD9JsU9jp3KDweCpZiVZHLoQBQ1PPCAAbd6FB
lucas,FkzekjMLgbXC8NuSQQ2u53rmdh3jhfAZr2psDouDYvfR
Latuche,GJA1HEbxGnqBhBifH9uQauzXSB53to5rhDrzmKxhSU65
cxltures,3ZtwP8peTwTfLUF1rgUQgUxwyeHCxfmoELXghQzKqnAJ
Betman,BoYHJoKntk3pjkaV8qFojEonSPWmWMfQocZTwDd1bcGG
Jack Duval,BAr5csYtpWoNpwhUjixX7ZPHXkUciFZzjBp9uNxZXJPh
dv,BCagckXeMChUKrHEd6fKFA1uiWDtcmCXMsqaheLiUPJd
noob mini,AGqjivJr1dSv73TVUvdtqAwogzmThzvYMVXjGWg2FYLm
mercy,F5jWYuiDLTiaLYa54D88YbpXgEsA6NKHzWy4SN4bMYjt
N‚Äôo,Di75xbVUg3u1qcmZci3NcZ8rjFMj7tsnYEoFdEMjS4ow
Mr. Frog,4DdrfiDHpmx55i4SPssxVzS9ZaKLb8qr45NKY9Er9nNh
Stacker ‚úùÔ∏è,HbCxe8yWQJWnK3f3FX4oohgm87FZuPYD4Ydszqxgkwft
radiance,FAicXNV5FVqtfbpn4Zccs71XcfGeyxBSGbqLDyDJZjke
kreo,BCnqsPEtA1TkgednYEebRpkmwFRJDCjMQcKZMMtEdArc
Reljoo,FsG3BaPmRTdSrPaivbgJsFNCCa8cPfkUtk8VLWXkHpHP
Dan,qNGhUruCGJpXJdsnV74USHErcbm3CrXRsnP8D6Z34Hh
LJC,6HJetMbdHBuk3mLUainxAPpBpWzDgYbHGTS2TqDAUSX2
Pandora,UxuuMeyX2pZPHmGZ2w3Q8MysvExCAquMtvEfqp2etvm
Heyitsyolo,Av3xWHJ5EsoLZag6pr7LKbrGgLRTaykXomDD5kBhL9YQ
jamessmith,EQaxqKT3N981QBmdSUGNzAGK5S26zUwAdRHhBCgn87zD
gambles.sol,GAH2TKPtu7HSpbCkBMANPCDBSSaRFeSwoScfFRVF7oHa
Connor,9EyPAMyQvXaUWFxd2uQHvG8vpkKs33YdXvDvwmRXrUiH
Trey,831yhv67QpKqLBJjbmw2xoDUeeFHGUx8RnuRj9imeoEs
Flames,GiTjPLMYngDKZYxyc2MBFBwsS1Zt3NBCjJtAgsGb3AJv
chingchongslayer,4uCT4g7YHH4xxfmfNfKUDenwGrRNGoZ9Ay1XFxfUGhQG
Scharo,4sAUSQFdvWRBxR8UoLBYbw8CcXuwXWxnN8pXa4mtm5nU
h14,BJXjRq566xt66pcxCmCMLPSuNxyUpPNBdJGP56S7fMda
Dolo ü•∑,EeSx4wehRQhEbmbyFvfqA633v2P4C558bHh2ed7zgZh
Leens,5pxkp8Rpg7xHekFf7URJ25i4P5ZXVk8hRQUaDKytU5K7
Ethan Prosper,sAdNbe1cKNMDqDsa4npB3TfL62T14uAo2MsUQfLvzLT
Lectron,Gv8YFCU9WESGpN6fcGKG9nirqcyF9wVZAqnQ1DjrsfcE
woopig,9Bs2XgZynPdMfbpn3HQX8NKWLToPDwGrMHRbZruwbyPD
Dex,mW4PZB45isHmnjGkLpJvjKBzVS5NXzTJ8UDyug4gTsM
Smokez,5t9xBNuDdGTGpjaPTx6hKd7sdRJbvtKS8Mhq6qVbo8Qz
fa1r,8ggkt7Y1SZzmsdcy6ZHTif6HvgAUv2dxJCbTFTGD67MV
Limfork.eth,BQVz7fQ1WsQmSTMY3umdPEPPTm1sdcBcX9sP7o6kPRmB
Monki,53BnNc49Ajgstciq3CRoyxuBpkkW1r8pgPyvr7JGYnsh
Putrick,AVjEtg2ECYKXYeqdRQXvaaAZBjfTjYuSMTR4WLhKoeQN
Qtdegen,7tiRXPM4wwBMRMYzmywRAE6jveS3gDbNyxgRrEoU6RLA
big bags bobby,8oQoMhfBQnRspn7QtNAq2aPThRE4q94kLSTwaaFQvRgs
kyz,72YiE4crBv2UhxRgRYKs4GaTGT2avbacfL4HNCfQLqsm
danny,EaVboaPxFCYanjoNWdkxTbPvt57nhXGu5i6m9m6ZS2kK
Felix,3uz65G8e463MA5FxcSu1rTUyWRtrRLRZYskKtEHHj7qn
Dior,87rRdssFiTJKY4MGARa4G5vQ31hmR7MxSmhzeaJ5AAxJ
Grimace,EA4MXkyF8C2NzY8fw2acJPuarmoU271KRCCAYpLzMBJr
psyk√∏,FC3nyVqdufVfrgXiRJEqgST1JdJSEBEz6a9KoBfFP7c4
Meechie,9iaawVBEsFG35PSwd4PahwT8fYNQe9XYuRdWm872dUqY
Sebastian,3BLjRcxWGtR7WRshJ3hL25U3RjWr5Ud98wMcczQqk4Ei
Oura,4WPTQA7BB4iRdrPhgNpJihGcxKh8T43gLjMn5PbEVfQw
Laanie,37Y6bz7AXpHHRzMHGMqGRxv8JMuHQCS2FFHrPZkUeRt2
Publix,86AEJExyjeNNgcp7GrAvCXTDicf5aGWgoERbXFiG1EdD
Carti The Menace,3mPypxb7ViYEdLv4siFmESvY5w5ZKknwgmB4TPcZ77qe
Idontpaytaxes,2T5NgDDidkvhJQg8AHDi74uCFwgp25pYFMRZXBaCUNBH
Burixx üáÆüáπ,A9aTuBuxoVY547n6hUBCq9oZm36LTJX9Kvn4NZXffXvp
Veloce,2W14ahXD3XBfWJchQ4K5NLXmguWWcTTUTuHDhEzeuvP3
Terp,HkFt55P3PhRWHXoTFeuvkKEE4ab26xZ1bk6UmXV88Pwz
Jakey,B8kdogV1a39GPVpSiPjPdUGfFf8nx6EVexRMvdeiXB64
üá©üá¥ Jerry,GmDXqHhXqfzEBErQqPft9xkznvgfkX6bcUT65MxQzNBj
Phineas.SOL,64ymeD9XTAkNJgHtXgrG6JCNZmBC9fSVcmgkL54pFikE
Fawcette,JBTJAkwqYR471nmeHqLSUaLezNz4Yx2wy9jYotveGnEm
wuzie,Akht8EBJqFSLmhNR7Wdr53YmWjmb9URzbZYWY7FAJKeH
flock (6'3),F1WT79Jkw3BkBDUfCbrKKo15ghZNCEjvnjxQpiCfPuRM
jester,4s2WzRLa35FB58bZY1i4CN3WoywJeuYrGYHnTKFsT23z
el charto,CCUcjek5p6DLoH2YNtjizxYhAnStXAQAGVxhp1cYJF7w
ozark,DZAa55HwXgv5hStwaTEJGXZz1DhHejvpb7Yr762urXam
decu,4vw54BmAogeRV3vPKWyFet5yf8DTLcREzdSzx4rw9Ud9
0xMistBlade,14HDbSrjCJKgwCXDBXv8PGRGFaLrAqDBq2mCwSA46q5x
Inquixit,3L8RAxLkvwkz4CgHivaVRtq19741FAdGLk5DgjRfc1fW
polar,GL8VLakj5AeAnkVNd4gQAkjXLqAzjeNbNXUQBdo8FwQG
zhynx,zhYnXqK3MNSmwS3yxSvPmY5kUa1n2WUaCJgYUDrAHkL
EvansOfWeb,5RQEcWJZdhkxRMbwjSq32RaocgYPaWDhi3ztimWUcrwo
JinMu,8tP391aDbKKpQS7eKnCEfnJ8Cmek6jatEe2LFkdJ2PRP
Eddy,DuGezKLZp8UL2aQMHthoUibEC7WSbpNiKFJLTtK1QHjx
nich,nichfNgmiJNUFZzVGyheS6ZKzgepcFKunKeziYRjkbb
Fozzy,B9oKseVKRntTvfADyaUoH7oVmoyVbBfUf4NKyQc4KK2D
Affu (aura farming),BjNueAZDxLpwHnpMVZrB5b8DTTBHdmXtg1ZaRPCJ1yYJ
Value & Time,3nvC8cSrEBqFEXZjUpKfwZMPk7xYdqcnoxmFBjXiizVX
Mezoteric,EdDCRfDDeiiDXdntrP59abH4DXHFNU48zpMPYisDMjA7
Ricco,7Gi4H4wugm2n3rRWa6BijsQPJV7sMardawTi2tXDL9zM
Nuotrix,Aa5LycwALUjaGeLyqe7y2jLZX3QetYnZqyvW2bLpwc2Q
Scrim,GBERKNpahPnBGmeUGWQVjGBDBj6CcJKpGz34FqegmTgu
Nach,9jyqFiLnruggwNn4EQwBNFXwpbLM9hrA4hV59ytyAVVz
Chris,CtUzwARj8A13M3hdJAXvsLkqJUfmFKqWzFXJPcq4MiMx
Hail,HA1L7GhQfypSRdfBi3tCkkCVEdEcBVYqBSQCENCrwPuB
Kadenox,3pZ59YENxDAcjaKa3sahZJBcgER4rGYi4v6BpPurmsGj
Rektober,FNgkT9n6A9tut52Pxqe6J9ZsGeJpj7MHM9C1ufRBpDD2
shaka,4S8YBCt6hhi7Nr1NnKF6jF856LLN8JJFzD1a8nF5UuHA
quant,Fi2hrxExy6TJnKcbPtQpo6iZzX9SUVbB9mDw6d29NgCn
Seee,9EfTigVxHuNjqzxiv3BQ7wD2v7uFvdRQbrrnDEPr8pTk
Dolo,5wcc13mXoyqe6qh2iHH5GFknojoJ7y13ZPx9K4NXTuo3
dean bulla,J6p2MS1gjygk9Hod8vKUEfcuWqMwfAwqFJyJX7UC8p6b
CC2,B3beyovNKBo4wF1uFrfGfpVeyEHjFyJPmEBciz7kpnoS
s0ber,Hq5TTULwwmDjGvzQukgujHQogZ5uFSCyYHpP756Uvyae
Prada,gkNNf4NwkR61B1QKBFtELe6TVZFhYRaC2LbVkoNyCkB
404Flipped,AbcX4XBm7DJ3i9p29i6sU8WLmiW4FWY5tiwB9D6UBbcE
MERK,4jFPYSoUTRaFbFDJp9QpA1J5pXJmMJYoWhiFTpoLPq6X
TheDefiApe,ExKCuoAzJCgCVjU3CvNoL8vVrdESTWkx3ubj6rQXwQM4
jitter,7PuHVAKDZ96s9P5FAt2eEdE8EYKxy9iUhvaLaMFqfCyj
Chefin,6Qs6joB349h7zu1z9xRgPgMSmpBYLDQb2wtAecY4LysH
Issa,2BU3NAzgRA2gg2MpzwwXpA8X4CCRaLgrf6TY1FKfJPX2
Gorilla Capital,DpNVrtA3ERfKzX4F8Pi2CVykdJJjoNxyY5QgoytAwD26
Obijai,C4BWYccLsbeHgZzVupFZJGvJK2nQpn8em9WtzURH4gZW
Jay,HwRnKq7RPtKHvX9wyHsc1zvfHtGjPQa5tyZtGtbvfXE
Bobby,DBmRHNbSsVX8F6NyVaaaiuGdwo1aYGawiy3jfNcvXYSC
Bolivian,5AyJw1VNDgTho2chipbVmuGqTuX1fCvVkLneChQkQrw8
Angi,AGnd5WTHMUbyK3kjjQPdQFM3TbWcuPTtkwBFWVUwiCLu
Dutch,9vWutdTBs66hWkeCmxaLFpkKy4q5RSe8DsFjfdxj5yFA
Hustler,HUS9ErdrDqpqQePbmfgJUTnDTE6eZ8ES62a25RihSK9U
Midjet,8FaNi7XawZVC17sci13dHi2NeyNTQgjZyrBxwgyMEfj1
Lucas,B7FDzJnb7DLYH1A37tKEFss1RRSz5C7MYgTRRMaWzBqa
Scooter,9NL6thsiaoyDnm7XF8hEbMoqeG172WmG7iKYpygvjfgo
peely,BaLxyjXzATAnfm7cc5AFhWBpiwnsb71THcnofDLTWAPK
Sweep,GP9PyTwGybX3q3tC5dMRKeuq8Dr15uPVvn3Z9fKbempH
dingaling,9X5n5i1mugTjgGPhqf1KJDt8r4kD8TF3s62ttbxKzFHa
ShockedJS,6m5sW6EAPAHncxnzapi1ZVJNRb9RZHQ3Bj7FD84X9rAF
Monarch,4uTeAz9TmZ1J5bNkgGLvqAELvCHJwLZgo7Hxar2KAiyu
Dave Portnoy,5rkPDK4JnVAumgzeV2Zu8vjggMTtHdDtrsd5o9dhGZHD
7xNickk,AmofvGJ59dgf5P85Pofip83pk7nZqrQRmSZvv5rRFVtf
Levis,GwoFJFjUTUSWq2EwTz4P2Sznoq9XYLrf8t4q5kbTgZ1R
Aroa,Aen6LKc7sGVPTyjMd5cu9B9XVjL7m9pnvAiP2ZNJC4GZ
Collectible,Ehqd8q5rAN8V7Y7EGxYm3Tp4KPQMTVWQtzjSSPP3Upg3
Thurston (zapped arc),ALauG4FwEYDgSXd5Hen6kvuWSCdUi2fYNSNqM1Ci31wE
printer,Bu8iZsGvS5dwuY3GiEDjUSDayEME7LthH4x7TRGTnMXA
yassir,HFx9E1vvWyoMmiHuTMSAQ2GRkJ2N4snCUwhUMr83LLSs
bruce,4xHGhy4r41XNEgeHpKSC725aZjy6tR5E92xNjs4odBPR
Rizz,BPWsae36tY6oFz7f5MjsfTGqzi3ttM1AsAtjMvUb91tT
Fabix,DN7pYLSGYqHXwvPLh8tJM2zoJjhMSsNGVRVkMWVpredr
zync (Èîå‰ªî),zyncUiCSpP5zExdpvpRgx8twZ1AxTAqaeqtTVZ45ART
Solstice,GrD2umbfEBjQKFPDQvmmYNQ5eyRL9SAdWJj9FFMyeaDN
King,69z4qTgQ5DBRTJvnQzx2h8jZhNsv5UgADotEwwKUm2JS
Jalen,F72vY99ihQsYwqEDCfz7igKXA5me6vN2zqVsVUTpw6qL
Noah,6DwBGYF7JbLUmsMeAGn9ZMCv2sKF6s6UGAQtBkDzJtw4
Classic,DsqRyTUh1R37asYcVf1KdX4CNnz5DKEFmnXvgT4NfTPE
Exy,8hKZKqCgZWxnvRz1XAvmbuzCAfqo5xFjH17vM2J2HTe1
Michi,8YYDiCbPd4nM8TxrQEVdPA4aG8jys8R7Z1kKsgPL4pwh
JB,JBrYniqfp9ZVWdrkhMEX2LNGBpYJ673Tzh2m3XsS14p7
DRT,7K7itu678xAaUcuPQ2f3c2DcjirRjBY4HMTW1dx6hiL6
asta,AstaWuJuQiAS3AfqmM3xZxrJhkkZNXtW4VyaGQfqV6JL
LilMoonLambo,GJyhzLoZAxZHZGPvF3V1wsyGUnoGSQ55n6hN6nHv7W8B
Red,7ABz8qEFZTHPkovMDsmQkm64DZWN5wRtU7LEtD2ShkQ6
Sabby,9K18MstUaXmSFSBoa9qDTqWTnYhTZqdgEhuKRTVRgh6g
Fashr,719sfKUjiMThumTt2u39VMGn612BZyCcwbM5Pe8SqFYz
Goyim,G3gZWqrYkNmYFKYCyfRCNtGuxdyuE2wiYKkZpiZn4WSS
i gamble your yearly salary,KJXB1ot9nkCvq1ZD27vzNSBaPPCT82DpVnXrcwxftvY
fl0wjoe,9v9Xsxxu2pi4cDkTHtyL1Rg417uga48R2VcCP4L1Pe9R
YOUNIZ,EKDDjxzJ39Bjkr47NiARGJDKFVxiiV9WNJ5XbtEhPEXP
Enjooyer,Enjoy9BmQgAUD9AKC4HpUbHByVdzwp7jQppKukEvdyWm
Key,4Bdn33fA7LLZQuuXuFLSxtPWGAUnMBcreQHfh9MXuixe
Achi,FPx2BavA7J2C7Nz6WpoPL9f5kDAKjxLb38PHNZMoxCra
sp,722tXm5uB5uuG2tC43uKHXQ7Pbyz75pTokEAJv9x5VTx
ChartFu,7i7vHEv87bs135DuoJVKe9c7abentawA5ydfWcWc8iY2
Padly,FQEXjVZPT7BqcZNVs82Q46LFPUevG7YoDiKpugpJaiCb
sarah milady,AAMnoNo3TpezKcT7ah9puLFZ4D59muEhQHJJqpX16ccg
Te',8RrMaJXYwANd4zEskfPQuSYE35dTzaYtuwyKz3ewcZQx
Legend,EgjCS3ULUCU5JN83XumirPr6171zvN5i6wc12SDiVGX3
MoneyMaykah,3i8akM4xfSX9WKFB5bQ61fmiYkeKQEFqvdMEyu6pSEk9
killz,9Wagwcs6HVtMHaaxBjUbE7AKmxeg9nzEDcvXhN8bydUG
prosciutto,4EsY8HQB4Ak65diFrSHjwWhKSGC8sKmnzyusM993gk2w
Jordan,EAnB5151L8ejp3SM6haLgyv3snk6oqc8acKgWEg9T5J
Dedmeow5,9THzoX5yGNSgPBAjCF4Lgqc1wLXoFkMQit4XWbhhRnqE
evening,E7gozEiAPNhpJsdS52amhhN2XCAqLZa7WPrhyR6C8o4S
Fuzz,FUZZUhT5qKncddMxLnkeiN7Dh1CmSpWPScp55iexZ85t
Fwasty,J15mCwMU8EeSvaiFTTyM8teCoxXf82aLUh6FgtDy5q1g
Joji,525LueqAyZJueCoiisfWy6nyh4MTvmF4X9jSqi6efXJT
Henn,FRbUNvGxYNC1eFngpn7AD3f14aKKTJVC6zSMtvj2dyCS
fomo,9FEHWFjgbYnFCRRHkesJNq6znHjc5Aaq7TiKi1rCVSnH
Little Mustacho,Huk3KuMLsLBZSer2n7MXmMPAJE1eKcr8dJS6DDoM3m8f
zoru,BrT5kYQ125u6NaRKFKNiBnHak6X7MvcZSQ3LfQCB3sqg
BagCalls,4AHgEkTsGqY77qtde4UJn9yZCrbGcM7UM3vjT3qM4G5H
Nils,FkL99xVBParNcPTjxnLdqFFCg3cvcR7NjCGkMgDPFfW3
Groovy,34ZEH778zL8ctkLwxxERLX5ZnUu6MuFyX9CWrs8kucMw
.exe,42nsEk51owYM3uciuRvFerqK77yhXZyjBLRgkDzJPV2g
AlxCooks,89HbgWduLwoxcofWpmn1EiF9wEdpgkNDEyPjzZ72mkDi
boogie,75oEqXZC569dY1G6UweXviPz4pm8zkhKDSk2FT9Dug5i
King Solomon,DEdEW3SMPU2dCfXEcgj2YppmX9H3bnMDJaU4ctn2BQDQ
Advyth,FAjy79ncahjN7kMQZsowwRK3mhXTnc3bPHkX3HxUv8y6
RUSKY ü™¨‚ö°Ô∏è,J4rYYPEXHwYMvyNzVwRsTyaSVpHv4SXK6kQNGgvBdvc4
Sizeab1e,AtmeWwb6Y6KNDgu2dPJT5dsar84bFCbNxLiW2DyYfm8p
Zyaf,F5TjPySiUJMdvqMZHnPP85Rc1vErDGV5FR5P2vdVm429
SatsBuyer,BWQPaFCn5Fp5ok2x5W69wspbsgiRXuPPUYX8Zgnm7XeQ
Polly,HtvLcCFehifb7G4j42JDn53zD7sQRiELF5WHzJzNvWMm
goob,9BkauJdFYUyBkNBZwV4mNNyfeVKhHvjULb7cL4gFQaLt
Robo,4ZdCpHJrSn4E9GmfP8jjfsAExHGja2TEn4JmXfEeNtyT
Al4n,2YJbcB9G8wePrpVBcT31o8JEed6L3abgyCjt5qkJMymV
FINN,BTeqNydtKyDaSxQNRm8ByaUDPK3cpQ1FsXMtaF1Hfaom
aloh,xXpRSpAe1ajq4tJP78tS3X1AqNwJVQ4Vvb1Swg4hHQh
Ramset,71PCu3E4JP5RDBoY6wJteqzxkKNXLyE1byg5BTAL9UtQ
0xWinged,HrCPnDvDgbpbFxKxer6Pw3qEcfAQQNNjb6aJNFWgTEng
Jdn,YNRDbiMHtEfZ66v7bRTMbapTyRexWxrerrzw8UqKgFJ
Log,2pUUZYtokRgDV2YzL6M5pjb1jyoHE367yU1sdQ7ac3ea
Absol,BXNiM7pqt9Ld3b2Hc8iT3mA5bSwoe9CRrtkSUs15SLWN
Lynk,CkPFGv2Wv1vwdWjtXioEgb8jhZQfs3eVZez3QCetu7xD
GVQ,GVQtcYiQLy3tKNPGzPa81RsCKycam1zLTQSybdnDjMkF
Danny,9FNz4MjPUmnJqTf6yEDbL1D4SsHVh7uA8zRHhR5K138r
Xelf,9Vk7pkBZ9KFJmzaPzNYjGedyz8qoKMQtnYyYi2AehNMT
zurh,HYgRa7NfuNhGZ7hsPix4N7evmmU5t5BTUUEoxwFcTKJD
Eric Cryptoman,EgnY4zmqXuaqodCLW366jjd2ecki6pvmMF74MkSxMFQW
storm,Dxudj2DQ5odnqgZvUocaeWc1eYC78Q8vfmVtPpvTrRNh
Gh0stee,2kv8X2a9bxnBM8NKLc6BBTX2z13GFNRL4oRotMUJRva9
Zef,EjtQrPTbcMevStBkpnjsH23NfUCMhGHusTYsHuGVQZp2
bihoz,An68XCxJvfXc9NRWjNXGSFY55dyFVKjfgtpt8AKGJ2dE
Maurits,274vmGgKuYQp8Fxvb8n3cr9ZeY3SYM6LgeaXM6jS2nD6
CoCo,FqojC24nUn3x6oMQC2ypBHmtH7rFAnKS6DvwsJoCMaiv
Hash (Poop Arc),DNsh1UfJdxmze6T6GV9QK5SoFm7HsM5TRNxVuwVgo8Zj
Jidn,3h65MmPZksoKKyEpEjnWU2Yk2iYT5oZDNitGy5cTaxoE
Dan176,J2B5fnm2DAAUAGa4EaegwQFoYaN6B5FerGA5sjtQoaGM
DJ.Œ£n,Cxe1d5zFifK4a4UZoHQaCK7sfqd84XjcKy1qtjnz3bge
Lowskii (believes),41uh7g1DxYaYXdtjBiYCHcgBniV9Wx57b7HU7RXmx1Gg
0xBossman,BjYxVF81MgahqgahDTUEGzxzP7bZrA4p5Dg67Y4e3bXZ
JB,7dP8DmRka5rmQti4zEEDjdAyaQyvFsPkcXMjEKJucqCu
Leck,98T65wcMEjoNLDTJszBHGZEX75QRe8QaANXokv4yw3Mp
Sebi,DxwDRWxQXDaVZquH3YvCVBQ75nUf16FttQ4q88okn5mc
Beaver,GM7Hrz2bDq33ezMtL6KGidSWZXMWgZ6qBuugkb5H8NvN
Hueno,FWAmTVsmAjxYZe4Nt5ooLDg6AHHUx3ST3nz89oGSGu59
West,JDd3hy3gQn2V982mi1zqhNqUw1GfV2UL6g76STojCJPN
staticc,9pgKiUsNHXMe5p4DoGwzT9i6of7XympnNJ5TgbrZVqk6
Lyxe,HLv6yCEpgjQV9PcKsvJpem8ESyULTyh9HjHn9CtqSek1
kitty,qP3Q8d4WWsGbqkTfyA9Dr6cAD7DQoBuxPJMFTK48rWU
Frags,C9hzBnbC36aq44SdkucwueUxHftCKgLqmo7L5VnsUxTW
Sully,Ebk5ATdfrCuKi27dHZaw5YYsfREEzvvU8xeBhMxQoex6
Don,winkACDSxstg19HJgX1pwDGpD8f2ZpiqqAjyAbkgXLu
Dali,CvNiezB8hofusHCKqu8irJ6t2FKY7VjzpSckofMzk5mB
Yokai Ryujin,2w3zDW2e1KjYtM2pHTkgh78L8DjMrC6fuB9uhwKNigTs
Zil,FSAmbD6jm6SZZQadSJeC1paX3oTtAiY9hTx1UYzVoXqj
oscar,AeLb2RpVwrqKZJ87PEiFdReiEXJXACQn17c8APQS1FHx
Damian Prosalendis,AEeJUPCiGR3yCoukTh1G58o4LYsUEyzrXtfmfMc2kJMX
trav,CXnf4Tt7qFz3KZNwn3Yve5MKaRyxGoAy2eDX3QT8e99m
Otta,As7HjL7dzzvbRbaD3WCun47robib2kmAKRXMvjHkSMB5
Owl,A5uxHmjTVyBd1Aj4BFUAekujpPjaWnCrLSRJhjAyvjH4
Earl,F2SuErm4MviWJ2HzKXk2nuzBC6xe883CFWUDCPz6cyWm
xunle,4YzpSZpxDdjNf3unjkCtdWEsz2FL5mok7e5XQaDNqry8
deecayz ‚åê‚ó®-‚ó®,Dv32u9mvSXGVNshf7xM7afuMoPRifQxzuzEjfmfMysZY
Unipcs (aka 'Bonk Guy'),5M8ACGKEXG1ojKDTMH3sMqhTihTgHYMSsZc6W8i7QW3Y
para,uS74rigLoPmKdi169RPUB4VSF6T9PqChTpG5jWzVhVp
Sue,AXwssg5NjQodKofcLV6ypJL4R5usvysYt9q7YVwjEgAH
Roxo,AE3tJDEyUdwBM8ZoUb3iCo563gMbq26JtckfvjcVZbSa
Insyder,G3g1CKqKWSVEVURZDNMazDBv7YAhMNTjhJBVRTiKZygk
Charlie,14k7D9HA5zff4EmQD6QTPBqM25CRiEA7ZqTjM3fhypgz
Bronsi,4ud45nGBqtBptQPyoVtcLCCCs1Evh1zLsVVLMmDQn2JW
mog,winriha1p9n1QS22QbJKbMVf4SFPHTEVcnqcwMdSC2t
unprofitable,DYmsQudNqJyyDvq86XmzAvrU9T7xwfQEwh6gPQw9TPNF
xander,B3wagQZiZU2hKa5pUCj6rrdhWsX3Q6WfTTnki9PjwzMh
7,FTg1gqW7vPm4kdU1LPM7JJnizbgPdRDy2PitKw6mY27j
Pullup,65paNEG8m7mCVoASVF2KbRdU21aKXdASSB9G3NjCSQuE
Bastille,3kebnKw7cPdSkLRfiMEALyZJGZ4wdiSRvmoN4rD1yPzV
M A M B A,4nvNc7dDEqKKLM4Sr9Kgk3t1of6f8G66kT64VoC95LYh
Saif,BuhkHhM3j4viF71pMTd23ywxPhF35LUnc2QCLAvUxCdW
waste management,4qvU8f17S9ox2tjoLCaQYv1p56GDyTYF7Qfm3KNWEwJf
kilo,kiLogfWUXp7nby7Xi6R9t7u8ERQyRdAzg6wBjvuE49u
0xJumpman,8eioZubsRjFkNEFcSHKDbWa8MkpmXMBvQcfarGsLviuE
WaiterG,4cXnf2z85UiZ5cyKsPMEULq1yufAtpkatmX4j4DBZqj2
bust,FzVQSzj8JJr6WMGqbUHzx2XH1KkrfxRrRPv6WcbbZmND
Jeets,D1H83ueSw5Nxy5okxH7VBfV4jRnqAK5Mm1tm3JAj3m5t
Letterbomb,BtMBMPkoNbnLF9Xn552guQq528KKXcsNBNNBre3oaQtr
Yenni,5B52w1ZW9tuwUduueP5J7HXz5AcGfruGoX6YoAudvyxG
Ansem,AVAZvHLR2PcWpDf8BXY4rVxNHYRBytycHkcB5z5QNXYm
Ferb,m7Kaas3Kd8FHLnCioSjCoSuVDReZ6FDNBVM6HTNYuF7
B*,3wZ6MfB1DRUvtozvcptvV1qAhQ5FKj3qpZR4Db45G6jk
Hugo Fartingale,Au1GUWfcadx7jMzhsg6gHGUgViYJrnPfL1vbdqnvLK4i
Casino,8rvAsDKeAcEjEkiZMug9k8v1y8mW6gQQiMobd89Uy7qR
guappy,3TsRAE3Pdx4eJAcxbiwi9NY8mNYChEkjV5DbAwazFKSq
S,ApRnQN2HkbCn7W2WWiT2FEKvuKJp9LugRyAE1a9Hdz1
BIGWARZ,7bsTkeWcSPG6nzsbXucxV89YUULoSExNJdX2WqfLHwZ4
OGAntD,215nhcAHjQQGgwpQSJQ7zR26etbjjtVdW74NLzwEgQjP
eq,7w7f4P284zJhv3zotjCUmaNsZSsrHQKtpXGBJFq8gdzq
Rüí´WDY,DKgvpfttzmJqZXdavDwTxwSVkajibjzJnN2FA99dyciK
Rev,EgzjRCbcdRiPc1bW52tcvGDnKDbQWCzQbUhDBszD2BZm
Zinc,EBjXstFQBBnXVFEXouqGfUxQFmaEHu6KFbxrZQkGbjru
Pain,J6TDXvarvpBdPXTaTU8eJbtso1PUCYKGkVtMKUUY8iEa
old,CA4keXLtGJWBcsWivjtMFBghQ8pFsGRWFxLrRCtirzu5
Cooker,8deJ9xeUvXSJwicYptA9mHsU2rN2pDx37KWzkDkEXhU6
shah,2WN4rnEmB9c9ouC7VTb4CBXbyiY7qTMcvWUxKKQ2D47T
Pow,8zFZHuSRuDpuAR7J6FzwyF3vKNx4CVW3DFHJerQhc7Zd
